DATE,POS,NAME,TEAM,H/A,OPP,FANDUEL_THREES_LINE,FANDUEL_THREESUNDER,FANDUEL_THREESOVER,ACTUAL,D_PPG,D_EFF,D_FL_%,D_FB_PPG,D_FB_EFF,D_2PTS,D_3PTS
12/6/2024,F,Jayson Tatum,Celtics,vs,Bucks,4.5,134,-180,TBD,,,,,,,
12/6/2024,G,Stephen Curry,Warriors,vs,Timberwolves,4.5,-138,108,TBD,,,,,,,
12/6/2024,G,Damian Lillard,Bucks,@,Celtics,4.5,-166,124,TBD,,,,,,,
12/6/2024,F,Franz Wagner,Magic,@,76ers,4.5,-138,104,TBD,,,,,,,
12/6/2024,F,Jaylen Brown,Celtics,vs,Bucks,3.5,-154,116,TBD,,,,,,,
12/6/2024,G,Anthony Edwards,Timberwolves,@,Warriors,3.5,-136,106,TBD,,,,,,,
12/6/2024,G,Tyrese Haliburton,Pacers,@,Bulls,3.5,-146,114,TBD,,,,,,,
12/6/2024,G,Dalton Knecht,Lakers,@,Hawks,3.5,-144,108,TBD,,,,,,,
12/6/2024,G,Anfernee Simons,Blazers,vs,Jazz,3.5,-150,118,TBD,,,,,,,
12/6/2024,G,Coby White,Bulls,vs,Pacers,2.5,114,-146,TBD,,,,,,,
12/6/2024,F,Julian Champagnie,Spurs,vs,Kings,2.5,-111,-115,TBD,,,,,,,
12/6/2024,G,Mike Conley,Timberwolves,@,Warriors,1.5,150,-194,TBD,,,,,,,
12/6/2024,G,De'Aaron Fox,Kings,@,Spurs,2.5,-188,146,TBD,,,,,,,
12/6/2024,G,Keyonte George,Jazz,@,Blazers,2.5,-132,104,TBD,,,,,,,
12/6/2024,F,Paul George,76ers,vs,Magic,2.5,-114,-114,TBD,,,,,,,
12/6/2024,F,LeBron James,Lakers,@,Hawks,2.5,-108,-122,TBD,,,,,,,
12/6/2024,F,Jalen Johnson,Hawks,vs,Lakers,2.5,-180,134,TBD,,,,,,,
12/6/2024,F,Zach LaVine,Bulls,vs,Pacers,2.5,-102,-125,TBD,,,,,,,
12/6/2024,F,Lauri Markkanen,Jazz,@,Blazers,2.5,-113,-113,TBD,,,,,,,
12/6/2024,G,Tyrese Maxey,76ers,vs,Magic,2.5,110,-146,TBD,,,,,,,
12/6/2024,G,Malik Monk,Kings,@,Spurs,2.5,-118,-108,TBD,,,,,,,
12/6/2024,G,Chris Paul,Spurs,vs,Kings,2.5,-172,134,TBD,,,,,,,
12/6/2024,G,Derrick White,Celtics,vs,Bucks,2.5,110,-146,TBD,,,,,,,
12/6/2024,G,Trae Young,Hawks,vs,Lakers,2.5,-172,128,TBD,,,,,,,
12/6/2024,F,Harrison Barnes,Spurs,vs,Kings,1.5,-115,-111,TBD,,,,,,,
12/6/2024,F,Toumani Camara,Blazers,vs,Jazz,1.5,-130,102,TBD,,,,,,,
12/6/2024,G,Stephon Castle,Spurs,vs,Kings,1.5,-115,-111,TBD,,,,,,,
12/6/2024,F,Ayo Dosunmu,Bulls,vs,Pacers,1.5,-164,128,TBD,,,,,,,
12/6/2024,F,Jerami Grant,Blazers,vs,Jazz,1.5,120,-154,TBD,,,,,,,
12/6/2024,F,Draymond Green,Warriors,vs,Timberwolves,1.5,-215,164,TBD,,,,,,,
12/6/2024,F,Rui Hachimura,Lakers,@,Hawks,1.5,-220,162,TBD,,,,,,,
12/6/2024,G,Jrue Holiday,Celtics,vs,Bucks,1.5,-140,106,TBD,,,,,,,
12/6/2024,C,Al Horford,Celtics,vs,Bucks,1.5,-122,-108,TBD,,,,,,,
12/6/2024,C,Brook Lopez,Bucks,@,Celtics,1.5,-172,128,TBD,,,,,,,
12/6/2024,F,Bennedict Mathurin,Pacers,@,Bulls,1.5,-132,104,TBD,,,,,,,
12/6/2024,F,Jaden McDaniels,Timberwolves,@,Warriors,1.5,-215,164,TBD,,,,,,,
12/6/2024,F,Keegan Murray,Kings,@,Spurs,1.5,106,-136,TBD,,,,,,,
12/6/2024,G,Brandin Podziemski,Warriors,vs,Timberwolves,1.5,-215,164,TBD,,,,,,,
12/6/2024,F,Julius Randle,Timberwolves,@,Warriors,1.5,-130,102,TBD,,,,,,,
12/6/2024,F,Zaccharie Risacher,Hawks,vs,Lakers,1.5,-220,162,TBD,,,,,,,
12/6/2024,G,Collin Sexton,Jazz,@,Blazers,1.5,-113,-113,TBD,,,,,,,
12/6/2024,G,Shaedon Sharpe,Blazers,vs,Jazz,1.5,122,-156,TBD,,,,,,,
12/6/2024,F,Pascal Siakam,Pacers,@,Bulls,1.5,-113,-113,TBD,,,,,,,
12/6/2024,G,Jalen Suggs,Magic,@,76ers,1.5,-192,142,TBD,,,,,,,
12/6/2024,C,Myles Turner,Pacers,@,Bulls,1.5,110,-140,TBD,,,,,,,
12/6/2024,C,Nikola Vucevic,Bulls,vs,Pacers,1.5,106,-136,TBD,,,,,,,
12/6/2024,G,Dyson Daniels,Hawks,vs,Lakers,0.5,120,-160,TBD,,,,,,,
12/6/2024,G,Kelly Oubre,76ers,vs,Magic,0.5,110,-146,TBD,,,,,,,
2024-12-07,G,Tyler Herro,Heat,vs,Suns,4.5,-158,124,TBD,,,,,,,
2024-12-07,F,Brandon Miller,Hornets,vs,Cavaliers,4.5,-122,-104,TBD,,,,,,,
2024-12-07,G,Luka Doncic,Mavericks,@,Raptors,3.5,-111,-115,TBD,,,,,,,
2024-12-07,G,Kyrie Irving,Mavericks,@,Raptors,3.5,-184,140,TBD,,,,,,,
2024-12-07,G,Donovan Mitchell,Cavaliers,@,Hornets,3.5,-113,-113,TBD,,,,,,,
2024-12-07,F,Jayson Tatum,Celtics,vs,Grizzlies,3.5,-128,100,TBD,,,,,,,
2024-12-07,G,Derrick White,Celtics,vs,Grizzlies,3.5,-174,136,TBD,,,,,,,
2024-12-07,F,Bradley Beal,Suns,@,Heat,2.5,-184,142,TBD,,,,,,,
2024-12-07,G,Devin Booker,Suns,@,Heat,2.5,114,-146,TBD,,,,,,,
2024-12-07,G,Mikal Bridges,Knicks,vs,Pistons,2.5,-158,124,TBD,,,,,,,
2024-12-07,F,Jaylen Brown,Celtics,vs,Grizzlies,2.5,-102,-125,TBD,,,,,,,
2024-12-07,G,Jalen Brunson,Knicks,vs,Pistons,2.5,-111,-115,TBD,,,,,,,
2024-12-07,G,Cade Cunningham,Pistons,@,Knicks,2.5,-158,124,TBD,,,,,,,
2024-12-07,G,Gradey Dick,Raptors,vs,Mavericks,2.5,-210,162,TBD,,,,,,,
2024-12-07,G,Darius Garland,Cavaliers,@,Hornets,2.5,-140,110,TBD,,,,,,,
2024-12-07,G,Shai Gilgeous-Alexander,Thunder,@,Pelicans,2.5,-194,148,TBD,,,,,,,
2024-12-07,G,CJ McCollum,Pelicans,vs,Thunder,2.5,106,-136,TBD,,,,,,,
2024-12-07,G,Dejounte Murray,Pelicans,vs,Thunder,1.5,132,-170,TBD,,,,,,,
2024-12-07,G,Jamal Murray,Nuggets,@,Wizards,1.5,148,-194,TBD,,,,,,,
2024-12-07,G,Jordan Poole,Wizards,vs,Nuggets,2.5,-128,100,TBD,,,,,,,
2024-12-07,F,Michael Porter,Nuggets,@,Wizards,2.5,-102,-125,TBD,,,,,,,
2024-12-07,C,Kristaps Porzingis,Celtics,vs,Grizzlies,2.5,-188,146,TBD,,,,,,,
2024-12-07,G,Duncan Robinson,Heat,vs,Suns,2.5,-158,124,TBD,,,,,,,
2024-12-07,F,Klay Thompson,Mavericks,@,Raptors,2.5,-138,108,TBD,,,,,,,
2024-12-07,C,Karl-Anthony Towns,Knicks,vs,Pistons,2.5,-174,136,TBD,,,,,,,
2024-12-07,F,Jalen Williams,Thunder,@,Pelicans,2.5,-194,150,TBD,,,,,,,
2024-12-07,F,Ochai Agbaji,Raptors,vs,Mavericks,1.5,-215,164,TBD,,,,,,,
2024-12-07,F,OG Anunoby,Knicks,vs,Pistons,1.5,134,-172,TBD,,,,,,,
2024-12-07,G,Desmond Bane,Grizzlies,@,Celtics,1.5,126,-162,TBD,,,,,,,
2024-12-07,G,Scottie Barnes,Raptors,vs,Mavericks,1.5,100,-128,TBD,,,,,,,
2024-12-07,F,RJ Barrett,Raptors,vs,Mavericks,1.5,106,-136,TBD,,,,,,,
2024-12-07,F,Josh Green,Hornets,vs,Cavaliers,1.5,-164,128,TBD,,,,,,,
2024-12-07,F,Tobias Harris,Pistons,@,Knicks,1.5,-150,118,TBD,,,,,,,
2024-12-07,G,Jrue Holiday,Celtics,vs,Grizzlies,1.5,100,-128,TBD,,,,,,,
2024-12-07,F,Brandon Ingram,Pelicans,vs,Thunder,1.5,110,-140,TBD,,,,,,,
2024-12-07,G,Jaden Ivey,Pistons,@,Knicks,1.5,-104,-122,TBD,,,,,,,
2024-12-07,F,Jaren Jackson,Grizzlies,@,Celtics,1.5,-122,-104,TBD,,,,,,,
2024-12-07,C,Nikola Jokic,Nuggets,@,Wizards,1.5,-130,102,TBD,,,,,,,
2024-12-07,G,Tyus Jones,Suns,@,Heat,1.5,134,-172,TBD,,,,,,,
2024-12-07,G,Cody Martin,Hornets,vs,Cavaliers,1.5,-215,164,TBD,,,,,,,
2024-12-07,G,Vasilije Micic,Hornets,vs,Cavaliers,1.5,-180,140,TBD,,,,,,,
2024-12-07,G,Ja Morant,Grizzlies,@,Celtics,1.5,-180,140,TBD,,,,,,,
2024-12-07,F,P.J. Washington,Mavericks,@,Raptors,1.5,-128,100,TBD,,,,,,,
